{"loss": [8.317512512207031, 8.275975227355957, 8.320226669311523, 8.243284225463867], "accuracy": [0.04826430231332779, 0.04866096004843712, 0.04725346341729164, 0.048149142414331436], "val_loss": [3.6850028038024902, 3.6847970485687256, 3.6814486980438232, 3.683563470840454], "val_accuracy": [0.02686091512441635, 0.02686091512441635, 0.025039836764335632, 0.028568176552653313]}